k,inertia,silhouette
2,5231.092781985403,0.3673744632966958
3,3796.605401663808,0.3273549244471152
4,3125.4693731157067,0.3314633852011866
5,2770.8152777759406,0.29073341238886985
6,2480.771773111551,0.2696372594948172
7,2287.731767756799,0.255833463675272
8,2082.5635590512943,0.2544819045912227
